{
  "$schema": "https://schema.tauri.app/config/2",
  "productName": "OpenClaw Manager",
  "version": "0.0.8",
  "identifier": "com.openclaw.manager",
  "build": {
    "beforeDevCommand": "npm run dev",
    "devUrl": "http://localhost:1420",
    "beforeBuildCommand": "npm run build",
    "frontendDist": "../dist"
  },
  "app": {
    "withGlobalTauri": true,
    "windows": [
      {
        "title": "OpenClaw Manager",
        "label": "main",
        "width": 1200,
        "height": 800,
        "minWidth": 900,
        "minHeight": 600,
        "center": true,
        "resizable": true,
        "fullscreen": false,
        "decorations": true,
        "transparent": false,
        "devtools": true
      }
    ],
    "security": {
      "csp": null
    }
  },
  "bundle": {
    "active": true,
    "targets": "all",
    "icon": [
      "icons/32x32.png",
      "icons/128x128.png",
      "icons/128x128@2x.png",
      "icons/icon.icns",
      "icons/icon.ico"
    ],
    "category": "Utility",
    "shortDescription": "OpenClaw AI Assistant Management Tool",
    "longDescription": "OpenClaw Manager is a cross-platform high-performance management tool for configuring and managing OpenClaw AI assistant services.",
    "copyright": "Copyright © 2024 OpenClaw Team",
    "macOS": {
      "minimumSystemVersion": "10.15",
      "entitlements": null,
      "exceptionDomain": null
    },
    "windows": {
      "certificateThumbprint": null,
      "digestAlgorithm": "sha256",
      "timestampUrl": ""
    },
    "linux": {
      "appimage": {
        "bundleMediaFramework": true
      },
      "deb": {
        "depends": []
      }
    }
  }
}